{
  "experiment_name": "whisper-small-peft_gulf_seed84",
  "model_name": "whisper-small",
  "dialect": "gulf",
  "method": "peft",
  "seed": 84,
  "start_time": "2025-09-22 06:32:31",
  "end_time": "2025-09-22 10:18:35",
  "training_time_seconds": 13563.633509635925,
  "peak_memory_mb": 1292.6259765625,
  "total_params": 245273856,
  "trainable_params": 3538944,
  "trainable_percentage": 1.442854145857274,
  "wer": 87.97629647824618,
  "cer": 68.93693049848133,
  "final_loss": 1.4961849479675293,
  "model_type": "PEFT_LoRA"
}