{
  "experiment_name": "whisper-small-peft_gulf_seed168",
  "model_name": "whisper-small",
  "dialect": "gulf",
  "method": "peft",
  "seed": 168,
  "start_time": "2025-09-24 15:07:23",
  "end_time": "2025-09-24 19:41:34",
  "training_time_seconds": 16450.897921800613,
  "peak_memory_mb": 1294.2255859375,
  "total_params": 245273856,
  "trainable_params": 3538944,
  "trainable_percentage": 1.442854145857274,
  "wer": 82.50176548251405,
  "cer": 65.37728545053898,
  "final_loss": 1.4306284036636352,
  "lora_config": {},
  "parameter_efficiency_ratio": 0,
  "memory_efficiency_ratio": 0.013520235349705851,
  "training_efficiency_score": 3.8291918509487988,
  "convergence_step": 0,
  "gradient_norm_stats": {},
  "layer_adaptation_stats": {},
  "performance_per_param": 4.944479064231012,
  "lora_rank": 0,
  "lora_alpha": 0,
  "lora_dropout": 0,
  "target_modules_count": 0,
  "adapter_weights_norm": 0,
  "base_model_frozen_params": 0,
  "effective_rank": 0,
  "adaptation_magnitude": 0,
  "model_type": "PEFT_LoRA"
}