{
  "experiment_name": "whisper-small-peft_gulf_seed42",
  "model_name": "whisper-small",
  "dialect": "gulf",
  "method": "peft",
  "seed": 42,
  "start_time": "2025-09-24 05:19:36",
  "end_time": "2025-09-24 09:48:19",
  "training_time_seconds": 16123.193007946014,
  "peak_memory_mb": 1292.93798828125,
  "total_params": 245273856,
  "trainable_params": 3538944,
  "trainable_percentage": 1.442854145857274,
  "wer": 82.85793238969572,
  "cer": 64.21654457745221,
  "final_loss": 1.425131299972534,
  "lora_config": {},
  "parameter_efficiency_ratio": 0,
  "memory_efficiency_ratio": 0.013258228751629351,
  "training_efficiency_score": 3.827495172121433,
  "convergence_step": 0,
  "gradient_norm_stats": {},
  "layer_adaptation_stats": {},
  "performance_per_param": 4.843836921495305,
  "lora_rank": 0,
  "lora_alpha": 0,
  "lora_dropout": 0,
  "target_modules_count": 0,
  "adapter_weights_norm": 0,
  "base_model_frozen_params": 0,
  "effective_rank": 0,
  "adaptation_magnitude": 0,
  "model_type": "PEFT_LoRA"
}