{
  "experiment_name": "whisper-small-peft_gulf_seed168",
  "model_name": "whisper-small",
  "dialect": "gulf",
  "method": "peft",
  "seed": 168,
  "start_time": "2025-09-22 12:26:47",
  "end_time": "2025-09-22 16:56:53",
  "training_time_seconds": 16205.923348426819,
  "peak_memory_mb": 1292.2685546875,
  "total_params": 245273856,
  "trainable_params": 3538944,
  "trainable_percentage": 1.442854145857274,
  "wer": 86.67444502440972,
  "cer": 68.64748972663926,
  "final_loss": 1.4296387319564818,
  "lora_config": {},
  "parameter_efficiency_ratio": 0,
  "memory_efficiency_ratio": 0.010311753642270358,
  "training_efficiency_score": 2.960152092585447,
  "convergence_step": 0,
  "gradient_norm_stats": {},
  "layer_adaptation_stats": {},
  "performance_per_param": 3.7654043058014706,
  "lora_rank": 0,
  "lora_alpha": 0,
  "lora_dropout": 0,
  "target_modules_count": 0,
  "adapter_weights_norm": 0,
  "base_model_frozen_params": 0,
  "effective_rank": 0,
  "adaptation_magnitude": 0,
  "model_type": "PEFT_LoRA"
}