{
  "experiment_name": "whisper-small-peft_gulf_seed42",
  "model_name": "whisper-small",
  "dialect": "gulf",
  "method": "peft",
  "seed": 42,
  "start_time": "2025-09-21 13:20:52",
  "end_time": "2025-09-21 17:18:20",
  "training_time_seconds": 14248.2480199337,
  "peak_memory_mb": 1294.66455078125,
  "total_params": 245273856,
  "trainable_params": 3538944,
  "trainable_percentage": 1.442854145857274,
  "wer": 86.1521452043856,
  "cer": 70.813898767506,
  "final_loss": 1.49291748046875,
  "lora_config": {},
  "parameter_efficiency_ratio": 0,
  "memory_efficiency_ratio": 0.010696094820282267,
  "training_efficiency_score": 3.4988355897838863,
  "convergence_step": 0,
  "gradient_norm_stats": {},
  "layer_adaptation_stats": {},
  "performance_per_param": 3.912990653600169,
  "lora_rank": 0,
  "lora_alpha": 0,
  "lora_dropout": 0,
  "target_modules_count": 0,
  "adapter_weights_norm": 0,
  "base_model_frozen_params": 0,
  "effective_rank": 0,
  "adaptation_magnitude": 0,
  "model_type": "PEFT_LoRA"
}