{
  "experiment_name": "whisper-small-peft_maghrebi_seed84",
  "model_name": "whisper-small",
  "dialect": "maghrebi",
  "method": "peft",
  "seed": 84,
  "start_time": "2025-09-27 01:39:30",
  "end_time": "2025-09-27 04:52:44",
  "training_time_seconds": 11594.375964164734,
  "peak_memory_mb": 1292.43896484375,
  "total_params": 245273856,
  "trainable_params": 3538944,
  "trainable_percentage": 1.442854145857274,
  "wer": 83.16204179513532,
  "cer": 52.769233286429525,
  "final_loss": 1.5841561673482258,
  "lora_config": {},
  "parameter_efficiency_ratio": 0,
  "memory_efficiency_ratio": 0.01302804903201004,
  "training_efficiency_score": 5.228107983117287,
  "convergence_step": 0,
  "gradient_norm_stats": {},
  "layer_adaptation_stats": {},
  "performance_per_param": 4.757904675763357,
  "lora_rank": 0,
  "lora_alpha": 0,
  "lora_dropout": 0,
  "target_modules_count": 0,
  "adapter_weights_norm": 0,
  "base_model_frozen_params": 0,
  "effective_rank": 0,
  "adaptation_magnitude": 0,
  "model_type": "PEFT_LoRA"
}