{
  "experiment_name": "whisper-small-peft_maghrebi_seed84",
  "model_name": "whisper-small",
  "dialect": "maghrebi",
  "method": "peft",
  "seed": 84,
  "start_time": "2025-09-26 11:39:09",
  "end_time": "2025-09-26 15:05:49",
  "training_time_seconds": 12399.629091739655,
  "peak_memory_mb": 1291.81787109375,
  "total_params": 245273856,
  "trainable_params": 3538944,
  "trainable_percentage": 1.442854145857274,
  "wer": 80.47276464542652,
  "cer": 50.52766779017638,
  "final_loss": 1.5493320922851563,
  "lora_config": {},
  "parameter_efficiency_ratio": 0,
  "memory_efficiency_ratio": 0.015116090117285848,
  "training_efficiency_score": 5.669366942862465,
  "convergence_step": 0,
  "gradient_norm_stats": {},
  "layer_adaptation_stats": {},
  "performance_per_param": 5.51781417128202,
  "lora_rank": 0,
  "lora_alpha": 0,
  "lora_dropout": 0,
  "target_modules_count": 0,
  "adapter_weights_norm": 0,
  "base_model_frozen_params": 0,
  "effective_rank": 0,
  "adaptation_magnitude": 0,
  "model_type": "PEFT_LoRA"
}