{
  "experiment_name": "whisper-small-peft_maghrebi_seed42",
  "model_name": "whisper-small",
  "dialect": "maghrebi",
  "method": "peft",
  "seed": 42,
  "start_time": "2025-09-26 03:59:23",
  "end_time": "2025-09-26 07:40:01",
  "training_time_seconds": 13237.628194332123,
  "peak_memory_mb": 1292.0625,
  "total_params": 245273856,
  "trainable_params": 3538944,
  "trainable_percentage": 1.442854145857274,
  "wer": 81.90733127783487,
  "cer": 51.967505481200305,
  "final_loss": 1.553960049220494,
  "lora_config": {},
  "parameter_efficiency_ratio": 0,
  "memory_efficiency_ratio": 0.01400293617542892,
  "training_efficiency_score": 4.920338178683878,
  "convergence_step": 0,
  "gradient_norm_stats": {},
  "layer_adaptation_stats": {},
  "performance_per_param": 5.1124484372075765,
  "lora_rank": 0,
  "lora_alpha": 0,
  "lora_dropout": 0,
  "target_modules_count": 0,
  "adapter_weights_norm": 0,
  "base_model_frozen_params": 0,
  "effective_rank": 0,
  "adaptation_magnitude": 0,
  "model_type": "PEFT_LoRA"
}