{
  "experiment_name": "whisper-small-peft_maghrebi_seed168",
  "model_name": "whisper-small",
  "dialect": "maghrebi",
  "method": "peft",
  "seed": 168,
  "start_time": "2025-09-27 02:31:38",
  "end_time": "2025-09-27 05:49:36",
  "training_time_seconds": 11878.032056093216,
  "peak_memory_mb": 1293.7568359375,
  "total_params": 245273856,
  "trainable_params": 3538944,
  "trainable_percentage": 1.442854145857274,
  "wer": 91.33264816718054,
  "cer": 59.34994600608658,
  "final_loss": 1.5903408444722493,
  "lora_config": {},
  "parameter_efficiency_ratio": 0,
  "memory_efficiency_ratio": 0.006699366984630312,
  "training_efficiency_score": 2.6269054040937503,
  "convergence_step": 0,
  "gradient_norm_stats": {},
  "layer_adaptation_stats": {},
  "performance_per_param": 2.449135061990092,
  "lora_rank": 0,
  "lora_alpha": 0,
  "lora_dropout": 0,
  "target_modules_count": 0,
  "adapter_weights_norm": 0,
  "base_model_frozen_params": 0,
  "effective_rank": 0,
  "adaptation_magnitude": 0,
  "model_type": "PEFT_LoRA"
}