{
  "experiment_name": "whisper-small-peft_maghrebi_seed168",
  "model_name": "whisper-small",
  "dialect": "maghrebi",
  "method": "peft",
  "seed": 168,
  "start_time": "2025-09-26 11:34:53",
  "end_time": "2025-09-26 15:10:20",
  "training_time_seconds": 12927.106928825378,
  "peak_memory_mb": 1295.119140625,
  "total_params": 245273856,
  "trainable_params": 3538944,
  "trainable_percentage": 1.442854145857274,
  "wer": 82.53254539225763,
  "cer": 52.910762786740406,
  "final_loss": 1.5583835765293665,
  "lora_config": {},
  "parameter_efficiency_ratio": 0,
  "memory_efficiency_ratio": 0.013487141112988961,
  "training_efficiency_score": 4.864416836195102,
  "convergence_step": 0,
  "gradient_norm_stats": {},
  "layer_adaptation_stats": {},
  "performance_per_param": 4.935781579969158,
  "lora_rank": 0,
  "lora_alpha": 0,
  "lora_dropout": 0,
  "target_modules_count": 0,
  "adapter_weights_norm": 0,
  "base_model_frozen_params": 0,
  "effective_rank": 0,
  "adaptation_magnitude": 0,
  "model_type": "PEFT_LoRA"
}