{
  "experiment_name": "whisper-small-peft_maghrebi_seed42",
  "model_name": "whisper-small",
  "dialect": "maghrebi",
  "method": "peft",
  "seed": 42,
  "start_time": "2025-09-26 07:57:17",
  "end_time": "2025-09-26 11:32:53",
  "training_time_seconds": 12936.68259525299,
  "peak_memory_mb": 1292.185546875,
  "total_params": 245273856,
  "trainable_params": 3538944,
  "trainable_percentage": 1.442854145857274,
  "wer": 83.6031175059952,
  "cer": 54.26388298046402,
  "final_loss": 1.6356415481567383,
  "lora_config": {},
  "parameter_efficiency_ratio": 0,
  "memory_efficiency_ratio": 0.012689263189530906,
  "training_efficiency_score": 4.562899069663918,
  "convergence_step": 0,
  "gradient_norm_stats": {},
  "layer_adaptation_stats": {},
  "performance_per_param": 4.633269838122558,
  "lora_rank": 0,
  "lora_alpha": 0,
  "lora_dropout": 0,
  "target_modules_count": 0,
  "adapter_weights_norm": 0,
  "base_model_frozen_params": 0,
  "effective_rank": 0,
  "adaptation_magnitude": 0,
  "model_type": "PEFT_LoRA"
}