{
  "experiment_name": "whisper-small-peft_msa_seed42",
  "model_name": "whisper-small",
  "dialect": "msa",
  "method": "peft",
  "seed": 42,
  "start_time": "2025-09-23 05:55:50",
  "end_time": "2025-09-23 12:24:15",
  "training_time_seconds": 23304.203797101974,
  "peak_memory_mb": 1290.29345703125,
  "total_params": 245273856,
  "trainable_params": 3538944,
  "trainable_percentage": 1.442854145857274,
  "wer": 46.55013968534039,
  "cer": 19.126450520444248,
  "final_loss": 0.35878331995010376,
  "lora_config": {},
  "parameter_efficiency_ratio": 0,
  "memory_efficiency_ratio": 0.04142457672973001,
  "training_efficiency_score": 8.256857810207752,
  "convergence_step": 0,
  "gradient_norm_stats": {},
  "layer_adaptation_stats": {},
  "performance_per_param": 15.103335999286683,
  "lora_rank": 0,
  "lora_alpha": 0,
  "lora_dropout": 0,
  "target_modules_count": 0,
  "adapter_weights_norm": 0,
  "base_model_frozen_params": 0,
  "effective_rank": 0,
  "adaptation_magnitude": 0,
  "model_type": "PEFT_LoRA"
}