{
  "experiment_name": "whisper-small-peft_egyptian_seed168",
  "model_name": "whisper-small",
  "dialect": "egyptian",
  "method": "peft",
  "seed": 168,
  "start_time": "2025-09-21 23:05:42",
  "end_time": "2025-09-22 02:26:31",
  "training_time_seconds": 12048.218868732452,
  "peak_memory_mb": 1292.17724609375,
  "total_params": 245273856,
  "trainable_params": 3538944,
  "trainable_percentage": 1.442854145857274,
  "wer": 74.04399103284706,
  "cer": 44.22464103172917,
  "final_loss": 1.29694539642334,
  "lora_config": {},
  "parameter_efficiency_ratio": 0,
  "memory_efficiency_ratio": 0.020087034534633633,
  "training_efficiency_score": 7.755638679859176,
  "convergence_step": 0,
  "gradient_norm_stats": {},
  "layer_adaptation_stats": {},
  "performance_per_param": 7.334393809891578,
  "lora_rank": 0,
  "lora_alpha": 0,
  "lora_dropout": 0,
  "target_modules_count": 0,
  "adapter_weights_norm": 0,
  "base_model_frozen_params": 0,
  "effective_rank": 0,
  "adaptation_magnitude": 0,
  "model_type": "PEFT_LoRA"
}