{
  "experiment_name": "whisper-small-peft_egyptian_seed168",
  "model_name": "whisper-small",
  "dialect": "egyptian",
  "method": "peft",
  "seed": 168,
  "start_time": "2025-09-25 21:04:55",
  "end_time": "2025-09-26 01:20:04",
  "training_time_seconds": 15309.19358253479,
  "peak_memory_mb": 1292.599609375,
  "total_params": 245273856,
  "trainable_params": 3538944,
  "trainable_percentage": 1.442854145857274,
  "wer": 75.9608824198317,
  "cer": 47.067644743254895,
  "final_loss": 1.2554330625534058,
  "lora_config": {},
  "parameter_efficiency_ratio": 0,
  "memory_efficiency_ratio": 0.018597497172223136,
  "training_efficiency_score": 5.652866221989273,
  "convergence_step": 0,
  "gradient_norm_stats": {},
  "layer_adaptation_stats": {},
  "performance_per_param": 6.792737488970805,
  "lora_rank": 0,
  "lora_alpha": 0,
  "lora_dropout": 0,
  "target_modules_count": 0,
  "adapter_weights_norm": 0,
  "base_model_frozen_params": 0,
  "effective_rank": 0,
  "adaptation_magnitude": 0,
  "model_type": "PEFT_LoRA"
}