{
  "experiment_name": "whisper-small-peft_egyptian_seed42",
  "model_name": "whisper-small",
  "dialect": "egyptian",
  "method": "peft",
  "seed": 42,
  "start_time": "2025-09-25 02:52:11",
  "end_time": "2025-09-25 06:14:21",
  "training_time_seconds": 12130.536758184433,
  "peak_memory_mb": 1295.60107421875,
  "total_params": 245273856,
  "trainable_params": 3538944,
  "trainable_percentage": 1.442854145857274,
  "wer": 77.30920432762598,
  "cer": 47.451294035315726,
  "final_loss": 1.4731402600606283,
  "lora_config": {},
  "parameter_efficiency_ratio": 0,
  "memory_efficiency_ratio": 0.017513720946902286,
  "training_efficiency_score": 6.733985976789743,
  "convergence_step": 0,
  "gradient_norm_stats": {},
  "layer_adaptation_stats": {},
  "performance_per_param": 6.411741941204501,
  "lora_rank": 0,
  "lora_alpha": 0,
  "lora_dropout": 0,
  "target_modules_count": 0,
  "adapter_weights_norm": 0,
  "base_model_frozen_params": 0,
  "effective_rank": 0,
  "adaptation_magnitude": 0,
  "model_type": "PEFT_LoRA"
}