{
  "experiment_name": "whisper-small-peft_egyptian_seed84",
  "model_name": "whisper-small",
  "dialect": "egyptian",
  "method": "peft",
  "seed": 84,
  "start_time": "2025-09-23 18:22:44",
  "end_time": "2025-09-23 21:51:03",
  "training_time_seconds": 12498.084241390228,
  "peak_memory_mb": 1291.6845703125,
  "total_params": 245273856,
  "trainable_params": 3538944,
  "trainable_percentage": 1.442854145857274,
  "wer": 77.26371876929075,
  "cer": 49.91752165056673,
  "final_loss": 1.2981576093037923,
  "lora_config": {},
  "parameter_efficiency_ratio": 0,
  "memory_efficiency_ratio": 0.017602038263264702,
  "training_efficiency_score": 6.549052706772972,
  "convergence_step": 0,
  "gradient_norm_stats": {},
  "layer_adaptation_stats": {},
  "performance_per_param": 6.424594803056859,
  "lora_rank": 0,
  "lora_alpha": 0,
  "lora_dropout": 0,
  "target_modules_count": 0,
  "adapter_weights_norm": 0,
  "base_model_frozen_params": 0,
  "effective_rank": 0,
  "adaptation_magnitude": 0,
  "model_type": "PEFT_LoRA"
}