{
  "experiment_name": "whisper-small-peft_egyptian_seed42",
  "model_name": "whisper-small",
  "dialect": "egyptian",
  "method": "peft",
  "seed": 42,
  "start_time": "2025-09-21 14:41:54",
  "end_time": "2025-09-21 18:03:43",
  "training_time_seconds": 12109.493793964386,
  "peak_memory_mb": 1291.7646484375,
  "total_params": 245273856,
  "trainable_params": 3538944,
  "trainable_percentage": 1.442854145857274,
  "wer": 73.11153708697489,
  "cer": 45.23312630434511,
  "final_loss": 1.4986355730692547,
  "lora_config": {},
  "parameter_efficiency_ratio": 0,
  "memory_efficiency_ratio": 0.020815295530458282,
  "training_efficiency_score": 7.993601395224025,
  "convergence_step": 0,
  "gradient_norm_stats": {},
  "layer_adaptation_stats": {},
  "performance_per_param": 7.5978774778648965,
  "lora_rank": 0,
  "lora_alpha": 0,
  "lora_dropout": 0,
  "target_modules_count": 0,
  "adapter_weights_norm": 0,
  "base_model_frozen_params": 0,
  "effective_rank": 0,
  "adaptation_magnitude": 0,
  "model_type": "PEFT_LoRA"
}