{
  "experiment_name": "whisper-small-peft_levantine_seed42",
  "model_name": "whisper-small",
  "dialect": "levantine",
  "method": "peft",
  "seed": 42,
  "start_time": "2025-09-25 12:57:25",
  "end_time": "2025-09-25 16:01:16",
  "training_time_seconds": 11031.171050071716,
  "peak_memory_mb": 1291.73779296875,
  "total_params": 245273856,
  "trainable_params": 3538944,
  "trainable_percentage": 1.442854145857274,
  "wer": 79.17548044466449,
  "cer": 52.42748143490748,
  "final_loss": 2.5973864250183105,
  "lora_config": {},
  "parameter_efficiency_ratio": 0,
  "memory_efficiency_ratio": 0.01612132095901239,
  "training_efficiency_score": 6.79603915657898,
  "convergence_step": 0,
  "gradient_norm_stats": {},
  "layer_adaptation_stats": {},
  "performance_per_param": 5.884387985606868,
  "lora_rank": 0,
  "lora_alpha": 0,
  "lora_dropout": 0,
  "target_modules_count": 0,
  "adapter_weights_norm": 0,
  "base_model_frozen_params": 0,
  "effective_rank": 0,
  "adaptation_magnitude": 0,
  "model_type": "PEFT_LoRA"
}