{
  "experiment_name": "whisper-small-peft_levantine_seed168",
  "model_name": "whisper-small",
  "dialect": "levantine",
  "method": "peft",
  "seed": 168,
  "start_time": "2025-09-25 09:05:15",
  "end_time": "2025-09-25 12:12:27",
  "training_time_seconds": 11231.281468868256,
  "peak_memory_mb": 1292.01220703125,
  "total_params": 245273856,
  "trainable_params": 3538944,
  "trainable_percentage": 1.442854145857274,
  "wer": 76.25905756334669,
  "cer": 51.689126038710555,
  "final_loss": 1.3160103556315104,
  "lora_config": {},
  "parameter_efficiency_ratio": 0,
  "memory_efficiency_ratio": 0.018375168831573654,
  "training_efficiency_score": 7.609763232170534,
  "convergence_step": 0,
  "gradient_norm_stats": {},
  "layer_adaptation_stats": {},
  "performance_per_param": 6.708482088626809,
  "lora_rank": 0,
  "lora_alpha": 0,
  "lora_dropout": 0,
  "target_modules_count": 0,
  "adapter_weights_norm": 0,
  "base_model_frozen_params": 0,
  "effective_rank": 0,
  "adaptation_magnitude": 0,
  "model_type": "PEFT_LoRA"
}