{
  "experiment_name": "whisper-small-peft_levantine_seed168",
  "model_name": "whisper-small",
  "dialect": "levantine",
  "method": "peft",
  "seed": 168,
  "start_time": "2025-09-25 16:12:56",
  "end_time": "2025-09-25 19:15:43",
  "training_time_seconds": 10966.911291360855,
  "peak_memory_mb": 1292.560546875,
  "total_params": 245273856,
  "trainable_params": 3538944,
  "trainable_percentage": 1.442854145857274,
  "wer": 75.00337548944597,
  "cer": 51.741805019797106,
  "final_loss": 1.315500644683838,
  "lora_config": {},
  "parameter_efficiency_ratio": 0,
  "memory_efficiency_ratio": 0.019338842246878037,
  "training_efficiency_score": 8.205395835460264,
  "convergence_step": 0,
  "gradient_norm_stats": {},
  "layer_adaptation_stats": {},
  "performance_per_param": 7.063300382982615,
  "lora_rank": 0,
  "lora_alpha": 0,
  "lora_dropout": 0,
  "target_modules_count": 0,
  "adapter_weights_norm": 0,
  "base_model_frozen_params": 0,
  "effective_rank": 0,
  "adaptation_magnitude": 0,
  "model_type": "PEFT_LoRA"
}