{
  "experiment_name": "whisper-small-peft_levantine_seed42",
  "model_name": "whisper-small",
  "dialect": "levantine",
  "method": "peft",
  "seed": 42,
  "start_time": "2025-09-24 23:13:52",
  "end_time": "2025-09-25 02:18:37",
  "training_time_seconds": 11084.85142159462,
  "peak_memory_mb": 1292.23681640625,
  "total_params": 245273856,
  "trainable_params": 3538944,
  "trainable_percentage": 1.442854145857274,
  "wer": 75.34992573923219,
  "cer": 50.68992472003671,
  "final_loss": 1.4015350176493326,
  "lora_config": {},
  "parameter_efficiency_ratio": 0,
  "memory_efficiency_ratio": 0.01907550841131459,
  "training_efficiency_score": 8.005544139805739,
  "convergence_step": 0,
  "gradient_norm_stats": {},
  "layer_adaptation_stats": {},
  "performance_per_param": 6.965375620741049,
  "lora_rank": 0,
  "lora_alpha": 0,
  "lora_dropout": 0,
  "target_modules_count": 0,
  "adapter_weights_norm": 0,
  "base_model_frozen_params": 0,
  "effective_rank": 0,
  "adaptation_magnitude": 0,
  "model_type": "PEFT_LoRA"
}