{
  "experiment_name": "whisper-small-peft_levantine_seed84",
  "model_name": "whisper-small",
  "dialect": "levantine",
  "method": "peft",
  "seed": 84,
  "start_time": "2025-09-25 05:40:46",
  "end_time": "2025-09-25 08:48:41",
  "training_time_seconds": 11274.857336997986,
  "peak_memory_mb": 1293.4912109375,
  "total_params": 245273856,
  "trainable_params": 3538944,
  "trainable_percentage": 1.442854145857274,
  "wer": 76.59210585534902,
  "cer": 51.359457576427005,
  "final_loss": 1.3133368759155273,
  "lora_config": {},
  "parameter_efficiency_ratio": 0,
  "memory_efficiency_ratio": 0.018096678158087635,
  "training_efficiency_score": 7.474011989865286,
  "convergence_step": 0,
  "gradient_norm_stats": {},
  "layer_adaptation_stats": {},
  "performance_per_param": 6.614372576862189,
  "lora_rank": 0,
  "lora_alpha": 0,
  "lora_dropout": 0,
  "target_modules_count": 0,
  "adapter_weights_norm": 0,
  "base_model_frozen_params": 0,
  "effective_rank": 0,
  "adaptation_magnitude": 0,
  "model_type": "PEFT_LoRA"
}