{
  "experiment_name": "whisper-small-peft_iraqi_seed168",
  "model_name": "whisper-small",
  "dialect": "iraqi",
  "method": "peft",
  "seed": 168,
  "start_time": "2025-09-24 05:29:25",
  "end_time": "2025-09-24 08:41:47",
  "training_time_seconds": 11541.677616357803,
  "peak_memory_mb": 1291.40771484375,
  "total_params": 245273856,
  "trainable_params": 3538944,
  "trainable_percentage": 1.442854145857274,
  "wer": 78.34829035556061,
  "cer": 47.686836462528106,
  "final_loss": 1.510740119934082,
  "lora_config": {},
  "parameter_efficiency_ratio": 0,
  "memory_efficiency_ratio": 0.016765975141366626,
  "training_efficiency_score": 6.753451041598163,
  "convergence_step": 0,
  "gradient_norm_stats": {},
  "layer_adaptation_stats": {},
  "performance_per_param": 6.118127227907363,
  "lora_rank": 0,
  "lora_alpha": 0,
  "lora_dropout": 0,
  "target_modules_count": 0,
  "adapter_weights_norm": 0,
  "base_model_frozen_params": 0,
  "effective_rank": 0,
  "adaptation_magnitude": 0,
  "model_type": "PEFT_LoRA"
}