{
  "experiment_name": "whisper-small-peft_iraqi_seed42",
  "model_name": "whisper-small",
  "dialect": "iraqi",
  "method": "peft",
  "seed": 42,
  "start_time": "2025-09-26 00:48:06",
  "end_time": "2025-09-26 03:55:50",
  "training_time_seconds": 11264.16112780571,
  "peak_memory_mb": 1290.47119140625,
  "total_params": 245273856,
  "trainable_params": 3538944,
  "trainable_percentage": 1.442854145857274,
  "wer": 80.9723957741679,
  "cer": 52.12070498404895,
  "final_loss": 1.853769064585368,
  "lora_config": {},
  "parameter_efficiency_ratio": 0,
  "memory_efficiency_ratio": 0.014744695079242628,
  "training_efficiency_score": 6.081178565876876,
  "convergence_step": 0,
  "gradient_norm_stats": {},
  "layer_adaptation_stats": {},
  "performance_per_param": 5.37663331938344,
  "lora_rank": 0,
  "lora_alpha": 0,
  "lora_dropout": 0,
  "target_modules_count": 0,
  "adapter_weights_norm": 0,
  "base_model_frozen_params": 0,
  "effective_rank": 0,
  "adaptation_magnitude": 0,
  "model_type": "PEFT_LoRA"
}