{
  "experiment_name": "whisper-small-peft_iraqi_seed42",
  "model_name": "whisper-small",
  "dialect": "iraqi",
  "method": "peft",
  "seed": 42,
  "start_time": "2025-09-22 13:44:17",
  "end_time": "2025-09-22 16:46:45",
  "training_time_seconds": 10947.566503047943,
  "peak_memory_mb": 1745.5732421875,
  "total_params": 245273856,
  "trainable_params": 3538944,
  "trainable_percentage": 1.442854145857274,
  "wer": 78.55844598432353,
  "cer": 47.762146331258826,
  "final_loss": 1.7303465868632,
  "lora_config": {},
  "parameter_efficiency_ratio": 0,
  "memory_efficiency_ratio": 0.01228338834342268,
  "training_efficiency_score": 7.050844992350102,
  "convergence_step": 0,
  "gradient_norm_stats": {},
  "layer_adaptation_stats": {},
  "performance_per_param": 6.058743516618651,
  "lora_rank": 0,
  "lora_alpha": 0,
  "lora_dropout": 0,
  "target_modules_count": 0,
  "adapter_weights_norm": 0,
  "base_model_frozen_params": 0,
  "effective_rank": 0,
  "adaptation_magnitude": 0,
  "model_type": "PEFT_LoRA"
}