{
  "experiment_name": "whisper-small-peft_iraqi_seed168",
  "model_name": "whisper-small",
  "dialect": "iraqi",
  "method": "peft",
  "seed": 168,
  "start_time": "2025-09-26 12:48:36",
  "end_time": "2025-09-26 15:57:10",
  "training_time_seconds": 11313.839473485947,
  "peak_memory_mb": 1293.9453125,
  "total_params": 245273856,
  "trainable_params": 3538944,
  "trainable_percentage": 1.442854145857274,
  "wer": 80.30784959672839,
  "cer": 50.609277757439465,
  "final_loss": 1.4371312052408853,
  "lora_config": {},
  "parameter_efficiency_ratio": 0,
  "memory_efficiency_ratio": 0.015218688311660476,
  "training_efficiency_score": 6.265931350529857,
  "convergence_step": 0,
  "gradient_norm_stats": {},
  "layer_adaptation_stats": {},
  "performance_per_param": 5.564414244269368,
  "lora_rank": 0,
  "lora_alpha": 0,
  "lora_dropout": 0,
  "target_modules_count": 0,
  "adapter_weights_norm": 0,
  "base_model_frozen_params": 0,
  "effective_rank": 0,
  "adaptation_magnitude": 0,
  "model_type": "PEFT_LoRA"
}