{
  "experiment_name": "whisper-small-peft_iraqi_seed84",
  "model_name": "whisper-small",
  "dialect": "iraqi",
  "method": "peft",
  "seed": 84,
  "start_time": "2025-09-26 01:09:42",
  "end_time": "2025-09-26 04:21:27",
  "training_time_seconds": 11504.983481884003,
  "peak_memory_mb": 1291.6640625,
  "total_params": 245273856,
  "trainable_params": 3538944,
  "trainable_percentage": 1.442854145857274,
  "wer": 77.85982051573328,
  "cer": 50.25469379216568,
  "final_loss": 1.437813138326009,
  "lora_config": {},
  "parameter_efficiency_ratio": 0,
  "memory_efficiency_ratio": 0.017140818674953824,
  "training_efficiency_score": 6.9278366430395035,
  "convergence_step": 0,
  "gradient_norm_stats": {},
  "layer_adaptation_stats": {},
  "performance_per_param": 6.25615423252437,
  "lora_rank": 0,
  "lora_alpha": 0,
  "lora_dropout": 0,
  "target_modules_count": 0,
  "adapter_weights_norm": 0,
  "base_model_frozen_params": 0,
  "effective_rank": 0,
  "adaptation_magnitude": 0,
  "model_type": "PEFT_LoRA"
}