{
  "experiment_name": "whisper-small-peft_iraqi_seed84",
  "model_name": "whisper-small",
  "dialect": "iraqi",
  "method": "peft",
  "seed": 84,
  "start_time": "2025-09-26 09:37:43",
  "end_time": "2025-09-26 12:47:33",
  "training_time_seconds": 11389.797771930695,
  "peak_memory_mb": 1290.76513671875,
  "total_params": 245273856,
  "trainable_params": 3538944,
  "trainable_percentage": 1.442854145857274,
  "wer": 78.16653413608996,
  "cer": 48.40018827467183,
  "final_loss": 1.5998167775472005,
  "lora_config": {},
  "parameter_efficiency_ratio": 0,
  "memory_efficiency_ratio": 0.016915134475519553,
  "training_efficiency_score": 6.900954580930412,
  "convergence_step": 0,
  "gradient_norm_stats": {},
  "layer_adaptation_stats": {},
  "performance_per_param": 6.1694861133462515,
  "lora_rank": 0,
  "lora_alpha": 0,
  "lora_dropout": 0,
  "target_modules_count": 0,
  "adapter_weights_norm": 0,
  "base_model_frozen_params": 0,
  "effective_rank": 0,
  "adaptation_magnitude": 0,
  "model_type": "PEFT_LoRA"
}